version,prevalence,tpr,fpr,precision,alerts_per_1e6_urls
v0,0.01,0.9887218045112782,0.004032258064516129,0.7123790384237314,13879.15352898375
v0,0.001,0.9887218045112782,0.004032258064516129,0.19707636618543742,5016.947610962891
v0,0.0001,0.9887218045112782,0.004032258064516129,0.0239357817625079,4130.727019160806
v1,0.01,0.9887218045112782,0.0035842293906810036,0.7358967415831754,13435.605141886976
v1,0.001,0.9887218045112782,0.0035842293906810036,0.21638047718888506,4569.3669658016015
v1,0.0001,0.9887218045112782,0.0035842293906810036,0.026847427711498,3682.7431481930635
v2,0.01,0.9901315789473685,0.00492831541218638,0.6698973364922105,14780.348047538202
v2,0.001,0.9901315789473685,0.00492831541218638,0.16743526709612594,5913.5186757215615
v2,0.0001,0.9901315789473685,0.00492831541218638,0.019696915325006496,5026.835738539898
