url,domain,label,timestamp,source,age_bucket,whois_success,whois_registration_date,whois_expiry_date,whois_registrar_country,dns_a_record_count,dns_mx_record_present,dns_ns_record_count,dns_success,ssl_present,ssl_not_before,ssl_certificate_age_days,ssl_error,whois_error
https://docs.google.com/presentation/d/e/2PACX-1vRRmyJTmsqj5YGN3tha1LAq0jcPFv6bswP2kj34-1WXlQmrUVYag33q2QjLFx8hMp4hAPsDTOVRls4N/pub?start=false&amp;loop=false&amp;delayms=3000&amp;slide=id.p,google.com,1,2024-07-30 22:01:58,PhishTank,old_submission,1,1997-09-15 04:00:00+00:00,2028-09-14 04:00:00+00:00,US,1,1,4,1,1,2026-06-29 08:37:35+00:00,36.0,,
https://bit.ly/3WhlH1W,bit.ly,1,2024-07-12 00:12:34,PhishTank,old_submission,1,2008-05-17 22:00:00+00:00,2032-05-17 22:00:00+00:00,,2,1,8,1,1,2026-02-24 00:00:00+00:00,161.0,,
https://qrco.de/bfPmxD,qrco.de,1,2024-09-23 18:46:44,PhishTank,old_submission,0,,,,4,0,4,1,1,2026-06-20 00:00:00+00:00,45.0,,
https://tr.ee/3EgI8dq8AR,tr.ee,1,2023-08-25 11:45:45,PhishTank,old_submission,1,2010-07-04 04:59:06+03:00,2030-12-09 00:00:00+00:00,,4,0,4,1,1,2026-08-01 02:32:57+00:00,3.0,,
https://lbmall.webwave.dev/,webwave.dev,1,2024-07-18 08:22:58,PhishTank,old_submission,0,,,,1,1,2,1,1,2026-06-11 12:39:40+00:00,54.0,,
https://new.express.adobe.com/webpage/KZH8OzClmfRnT,adobe.com,1,2024-03-22 10:28:36,PhishTank,old_submission,1,1986-11-17 05:00:00+00:00,2027-05-17 01:48:14+00:00,US,2,1,6,1,1,2026-01-05 00:00:00+00:00,211.0,,
https://caseid1005789345734958.web.app/,web.app,1,2022-11-05 01:37:52,PhishTank,old_submission,0,,,,1,0,4,1,1,2026-07-20 14:59:55+00:00,15.0,,
https://lihi3.cc/BOSZZ,lihi3.cc,1,2023-07-08 21:54:02,PhishTank,old_submission,1,2019-05-29 13:59:08+00:00,2027-05-29 13:59:08+00:00,TW,2,0,2,1,1,2026-07-27 09:17:47+00:00,8.0,,
https://ipfs.io/ipfs/QmSejSajLFEhYUHT6vZZrKKPKb9btajmRzJf5XTrv9kMA1,ipfs.io,1,2024-02-19 10:55:02,PhishTank,old_submission,1,2014-05-16 18:34:42+00:00,2027-05-16 18:34:42+00:00,,1,1,2,1,1,2026-07-23 21:18:42+00:00,11.0,,
http://43.159.37.67/v3/signin/identifier?dsh=S537610955%3A1680148823818694&amp%3Bfollowup=https%3A%2F%2Faccounts.google.com%2F%3F&amp%3Bifkv=AQMjQ7SkEnTGciUAF7o3YlAHo_vit_68qy_TWhg2YWUySApL1ISBtl0EN2NERiau9gmkNeODctul&amp%3Bpassive=1209600&amp%3Bxrealip=35.203.245.120&continue=https%3A%2F%2Faccounts.google.com%2F%3F&xrealip=107.21.207.171&flowName=WebLiteSignIn&flowEntry=ServiceLogin&ifkv=AQMjQ7TOmN95pqLlfcPH3kvguDCXFGfDJZWVk9UFD4OxkswnwpbrVFkt6jMExqou4ukQk9SPRssJGg,43.159.37.67,1,2023-03-30 04:00:24,PhishTank,old_submission,0,,,,0,0,0,0,0,,,timed out,
https://l.ead.me/bfNi91,ead.me,1,2024-09-10 19:46:49,PhishTank,old_submission,1,2015-10-20 08:13:42+00:00,2026-10-20 08:13:42+00:00,,0,0,4,0,0,,,"[Errno 8] nodename nor servname provided, or not known",
https://onne.link/renneacessocliente?gclid=EAIaIQobChMI5bKb2NTm_AIVDtWRCh2aKgfAEAAYASAAEgL_I_D_BwE,onne.link,1,2023-01-27 11:14:47,PhishTank,old_submission,1,2018-12-18 15:43:51.438000+00:00,2026-12-18 15:43:51.438000+00:00,BR,2,1,2,1,1,2026-07-14 01:39:44+00:00,21.0,,
https://q-r.to/bfCVo9,q-r.to,1,2024-07-15 03:14:08,PhishTank,old_submission,1,2012-01-31 21:22:21+00:00,2032-01-31 21:22:21+00:00,,4,0,4,1,1,2026-06-20 00:00:00+00:00,45.0,,
https://vesrsionpluspropre.firebaseapp.com/,firebaseapp.com,1,2023-04-23 03:21:06,PhishTank,old_submission,1,2012-10-15 18:12:22+00:00,2026-10-15 18:12:22+00:00,US,1,0,4,1,1,2026-07-20 15:01:16+00:00,15.0,,
https://jamiesomers05.ac-page.com/bt-login01?test=true,ac-page.com,1,2024-05-26 07:43:59,PhishTank,old_submission,1,2020-06-25 19:51:56+00:00,2027-06-25 19:51:56+00:00,US,2,0,2,1,1,2026-06-15 16:04:35+00:00,49.0,,
https://pub-0d8e0c69d3d34567ab3eddaa8aedf1d0.r2.dev/index.html,r2.dev,1,2024-07-26 00:13:54,PhishTank,old_submission,0,,,,2,0,2,1,0,,,[SSL: SSLV3_ALERT_HANDSHAKE_FAILURE] ssl/tls alert handshake failure (_ssl.c:1082),
https://8kn0o0.csb.app/nee.htm,csb.app,1,2024-08-04 06:05:13,PhishTank,old_submission,0,,,,2,1,2,1,1,2026-07-22 15:01:26+00:00,13.0,,
https://healthsprings.docis.io/signature-image/booke/swiz.php,docis.io,1,2023-12-23 15:24:46,PhishTank,old_submission,1,2020-05-12 15:56:38+00:00,2027-05-12 15:56:38+00:00,,1,1,2,1,1,2026-07-25 18:23:47+00:00,9.0,,
https://www.dropbox.com/scl/fi/it2l8psq4ltmmhemdxwz3/Welcome-to-BT-Broadband-Service.paper?rlkey=re016i08k00q7nojbmyfk3xdv&dl=0,dropbox.com,1,2024-07-25 13:34:48,PhishTank,old_submission,1,1995-06-28 04:00:00+00:00,2027-06-27 04:00:00+00:00,US,1,1,4,1,1,2026-03-30 00:00:00+00:00,127.0,,
https://llgrayco.wixsite.com/my-site,wixsite.com,1,2023-07-17 22:01:54,PhishTank,old_submission,1,2012-05-08 23:35:02+00:00,2028-05-08 23:35:02+00:00,US,0,0,4,0,0,,,"[Errno 8] nodename nor servname provided, or not known",
https://orsotoscani6ito.blogspot.com/,blogspot.com,1,2023-12-27 15:06:22,PhishTank,old_submission,1,2000-07-31 21:38:58+00:00,2027-07-31 21:38:58+00:00,US,1,0,4,1,1,2026-06-29 08:39:07+00:00,36.0,,
https://xn----8sbenebo4al1d2aq.xn--p1ai/,xn----8sbenebo4al1d2aq.xn--p1ai,1,2023-03-14 01:28:59,PhishTank,old_submission,0,,,,1,0,4,1,1,2026-07-16 08:53:35+00:00,19.0,,Whois command returned no output
https://hg8878.craftum.io/page2,craftum.io,1,2024-03-29 22:22:17,PhishTank,old_submission,1,2021-04-07 10:53:29+00:00,2027-04-07 10:53:29+00:00,,1,1,2,1,1,2025-11-17 06:20:04+00:00,260.0,,
http://www.used-minnesota-classifieds.com/,used-minnesota-classifieds.com,1,2023-05-21 01:46:51,PhishTank,old_submission,1,2011-02-22 16:16:46+00:00,2027-02-22 16:16:46+00:00,US,1,0,2,1,1,2026-06-30 17:47:54+00:00,34.0,,
http://43.156.0.130/v3/signin/identifier?dsh=S536876283%3A1679130036497906&amp%3Bfollowup=https%3A%2F%2Faccounts.google.com%2F&amp%3Bifkv=AWnogHfrcMjMJOA5-x4JjU2A_H62FL5Ipip8qUn0FfsVqhu1vrUBPxBl4JpnqCjPGKNrTfaShVnNJQ&amp%3Bpassive=1209600&continue=https%3A%2F%2Faccounts.google.com%2F&flowName=WebLiteSignIn&flowEntry=ServiceLogin&ifkv=AWnogHc4PeFX33yvdiAFBtaL-JBAffuk5JoQQy_Mh2pwQ3Vm2WZDrUszOnx40Wo5cx_v0Tn-km5KAw,43.156.0.130,1,2023-03-18 09:00:36,PhishTank,old_submission,0,,,,0,0,0,0,1,2022-10-20 00:00:00+00:00,1384.0,,
https://resume.io/r/jnx8KjZqP,resume.io,1,2024-03-01 10:53:29,PhishTank,old_submission,1,2010-01-28 04:56:56+00:00,2027-01-28 04:56:56+00:00,,4,1,4,1,1,2026-03-19 00:00:00+00:00,138.0,,
https://secubanrural.webcindario.com/,webcindario.com,1,2023-09-10 03:07:03,PhishTank,old_submission,1,2001-02-28 12:45:04+00:00,2030-02-28 12:45:04+00:00,ES,1,1,4,1,1,2026-05-19 14:25:13+00:00,77.0,,
http://www.gouv-url.com/reglement,gouv-url.com,1,2024-08-02 14:37:11,PhishTank,old_submission,1,2024-06-07 11:59:48+00:00,2027-06-07 11:59:48+00:00,NL,1,0,3,1,0,,,[SSL: UNEXPECTED_EOF_WHILE_READING] EOF occurred in violation of protocol (_ssl.c:1082),
https://www.flowcode.com/page/barshm0,flowcode.com,1,2023-11-13 18:00:49,PhishTank,old_submission,1,2010-06-16 18:30:30+00:00,2027-06-16 18:30:30+00:00,US,2,1,2,1,1,2026-07-16 02:44:52+00:00,19.0,,
http://samsclubcreit.com,samsclubcreit.com,1,2023-04-12 18:11:43,PhishTank,old_submission,1,2005-10-21 18:43:10+00:00,2026-10-21 18:43:10+00:00,,1,1,2,1,1,2026-07-08 09:49:50+00:00,27.0,,
https://rasklomdtryct.xyz/?secure_connect=fm21f&_subid=3sg1un4.a0.28l78&_token=3nu9lmn3ctemsf.1783895752.9.c80eacd27936aeeaa590d89c49c6e17b,rasklomdtryct.xyz,1,2026-07-12 01:58:33,PhishTank,recent_submission,1,2026-06-23 19:50:55+00:00,2027-06-23 23:59:59+00:00,SC,0,0,0,0,0,,,"[Errno 8] nodename nor servname provided, or not known",
https://registro-digital-akjm-2026.cr-web.workers.dev,workers.dev,1,2026-07-17 15:28:09,PhishTank,recent_submission,0,,,,2,0,2,1,1,2026-07-04 04:06:32+00:00,31.0,,
http://world-dobraya-raduga.shop/id=5162802847,world-dobraya-raduga.shop,1,2026-08-02 19:44:14,PhishTank,recent_submission,0,,,,0,0,0,0,0,,,"[Errno 8] nodename nor servname provided, or not known",
https://item.ehay.com.login.secures-wr8wsvzt.construccionesjlfabririssas.com/,construccionesjlfabririssas.com,1,2026-07-31 18:04:59,PhishTank,recent_submission,1,2022-09-22 20:20:21+00:00,2026-09-22 20:20:21+00:00,CO,1,1,2,1,1,2026-07-07 17:31:22+00:00,27.0,,
https://web3-exoduos.wixstudio.com/en-us,wixstudio.com,1,2026-07-13 13:12:08,PhishTank,recent_submission,1,2016-12-17 19:23:35+00:00,2027-12-17 19:23:35+00:00,US,1,1,4,1,1,2026-06-24 11:20:53+00:00,41.0,,
https://loja-2026-4.myshopify.com/products/freezer-horizontal-electrolux-513l-inverter-uma-porta-hi550-cor-branco?utm_source=organic&amp;amp;utm_campaign=&amp;amp;utm_medium=&amp;amp;utm_content=&amp;amp;utm_term=,myshopify.com,1,2026-07-16 14:52:26,PhishTank,recent_submission,1,2006-03-03 03:01:37+00:00,2028-03-03 03:01:37+00:00,CA,1,0,3,1,1,2026-07-08 15:01:36+00:00,27.0,,
https://sp12ct-holrek-biz-pranik-keldar.pages.dev/,pages.dev,1,2026-08-02 18:58:34,PhishTank,recent_submission,0,,,,2,0,2,1,1,2026-07-21 09:32:53+00:00,14.0,,
https://helpdeskpilot.onrender.com/,onrender.com,1,2026-07-19 03:09:12,PhishTank,recent_submission,1,2015-03-28 01:20:58+00:00,2027-03-28 01:20:58+00:00,US,1,0,4,1,1,2026-06-24 19:14:06+00:00,40.0,,
https://truvista-bizpage.webflow.io/,webflow.io,1,2026-07-29 20:39:47,PhishTank,recent_submission,1,2013-05-08 02:20:57+00:00,2028-05-08 02:20:57+00:00,,3,1,2,1,1,2026-07-31 00:00:00+00:00,4.0,,
https://moncolis.org/antibot/captcha.php,moncolis.org,1,2026-07-08 21:59:03,PhishTank,recent_submission,1,2026-07-01 18:43:42+00:00,2027-07-01 18:43:42+00:00,US,1,0,2,1,1,2026-07-02 08:16:20+00:00,33.0,,
https://api.xn--registre-societes-franaise-dkc.fr/api/create-checkout?code=M025H8&amp;edited=1&amp;denomination=MAISON+ETE&amp;nom=BESSO&amp;prenom=FRANCETTE&amp;activite=LOCATION+MEUBLE+A+VALRAS+PLAGE&amp;adresse=6+RUE+de+la+Paix&amp;code_postal=65320&amp;ville=Bord%C3%A8res-sur-l%27%C3%89chez,xn--registre-societes-franaise-dkc.fr,1,2026-07-10 19:25:14,PhishTank,recent_submission,1,2026-06-10 13:39:42.145085+00:00,2027-06-10 13:39:42.127679+00:00,,2,0,2,1,1,2026-06-10 13:13:25+00:00,55.0,,
http://allegrolokalnie.pl-m8s8f.click,pl-m8s8f.click,1,2026-07-27 01:23:27,PhishTank,recent_submission,1,2026-07-26 15:58:44.161000+00:00,2027-07-26 15:58:44.161000+00:00,US,0,0,0,0,0,,,"[Errno 8] nodename nor servname provided, or not known",
https://allegrolokalnie.pl-109607.icu/oferta/przyczepka-samochodowa-lekka-750kg-dmc/68955,pl-109607.icu,1,2026-07-13 19:16:23,PhishTank,recent_submission,1,2026-07-13 17:09:46+00:00,2027-07-13 23:59:59+00:00,,0,0,0,0,0,,,"[Errno 8] nodename nor servname provided, or not known",
https://bt-home-107437fvg.weeblysite.com/,weeblysite.com,1,2026-08-03 03:43:07,PhishTank,recent_submission,1,2012-12-19 04:07:22+00:00,2027-12-19 04:07:22+00:00,US,2,0,4,1,1,2026-06-08 03:34:45+00:00,57.0,,
https://portalclientesbac.help/pa,portalclientesbac.help,1,2026-07-10 18:46:19,PhishTank,recent_submission,1,2026-06-25 01:06:02+00:00,2027-06-25 23:59:59+00:00,,1,0,2,1,0,,,[SSL: TLSV1_ALERT_INTERNAL_ERROR] tlsv1 alert internal error (_ssl.c:1082),
https://njj.standard.us-east-1.oortstorages.com/fitsal.sf?eta=salalsys@e35dadbb9bd4cc44649f33a61962af8dccc7.org,oortstorages.com,1,2026-07-12 17:48:19,PhishTank,recent_submission,1,2025-03-11 14:20:35+00:00,2027-03-11 14:20:35+00:00,US,2,0,2,1,1,2026-07-07 04:30:27+00:00,28.0,,
https://rejmnail.weebly.com/,weebly.com,1,2026-07-30 14:02:23,PhishTank,recent_submission,1,2006-03-29 00:25:07+00:00,2027-03-28 23:25:07+00:00,US,2,1,4,1,1,2026-06-10 20:33:05+00:00,54.0,,
http://allegrolokalnie.pl-92626l391637oferta82626176373.sbs,pl-92626l391637oferta82626176373.sbs,1,2026-07-09 21:37:05,PhishTank,recent_submission,1,2026-07-07 11:14:32+00:00,2027-07-07 23:59:59+00:00,,0,0,0,0,0,,,"[Errno 8] nodename nor servname provided, or not known",
https://glamorous-peach-ox.31-22-7-7.cpanel.site/ox/,cpanel.site,1,2026-07-16 09:27:58,PhishTank,recent_submission,1,2024-09-05 01:23:17+00:00,2028-09-05 23:59:59+00:00,US,0,0,3,0,0,,,"[Errno 8] nodename nor servname provided, or not known",
https://kleinanzeigen.015id.com/70848194?mail=W1BPTFlBXQ==&meta=rlWjMKWwLJ50LJqyVwb1YPWhLJ1yVwbvKUIxBQAwKUIxMwZ4VSOioUyuVR1unJkypvVfVzAbLKEsnJDvBv0kZQNmBGH4ZQxmAGp1YPWmMKW2nJAyVwbvn2kynJ5uoacynJqyovVfVaE5pTHvBvWjo2k5LI9gLJyfMKVvsD==,015id.com,1,2026-07-19 14:45:40,PhishTank,recent_submission,1,2026-07-18 11:34:58+00:00,2027-07-18 11:34:58+00:00,,2,0,2,1,1,2026-07-18 10:37:40+00:00,17.0,,
https://davecowan.com/home/ionos/com/,davecowan.com,1,2026-07-11 20:57:21,PhishTank,recent_submission,1,2000-03-02 20:19:10+00:00,2027-03-02 20:19:10+00:00,US,1,1,2,1,1,2026-06-26 02:39:38+00:00,39.0,,
http://allegrolokalnie.pl-oferta27923949.click,pl-oferta27923949.click,1,2026-07-18 23:54:56,PhishTank,recent_submission,1,2026-07-18 15:57:35.719000+00:00,2027-07-18 15:57:35.719000+00:00,US,0,0,0,0,0,,,"[Errno 8] nodename nor servname provided, or not known",
https://prime-acces.ddns.net/captcha,ddns.net,1,2026-08-02 13:03:29,PhishTank,recent_submission,1,2001-06-28 16:04:59+00:00,2027-06-28 16:04:59+00:00,US,1,1,5,1,0,,,timed out,
https://klelnanzeigen-deutch.bellaslechon.com/JggUoRB9VI?m=12,bellaslechon.com,1,2026-07-20 20:33:51,PhishTank,recent_submission,1,2011-07-28 21:09:52+00:00,2027-07-28 21:09:52+00:00,DE,1,0,0,1,0,,,[SSL: TLSV1_ALERT_INTERNAL_ERROR] tlsv1 alert internal error (_ssl.c:1082),
http://eventchecker-ym.netlify.app,netlify.app,1,2026-07-17 01:38:02,PhishTank,recent_submission,0,,,,2,0,4,1,1,2026-02-16 00:00:00+00:00,169.0,,
http://allegro-lokalnie.459923t3gk67.top/,459923t3gk67.top,1,2026-07-08 09:10:34,PhishTank,recent_submission,1,2026-07-07 19:21:54+00:00,2027-07-07 19:21:54+00:00,LV,0,0,0,0,0,,,"[Errno 8] nodename nor servname provided, or not known",
http://devemalaine.lovestoblog.com/dfs.html,lovestoblog.com,1,2026-07-30 11:30:04,PhishTank,recent_submission,1,2020-08-13 20:21:26+00:00,2027-08-13 20:21:26+00:00,IS,1,1,7,1,1,2026-07-28 04:44:11+00:00,7.0,,
https://158-158-1-61.cprapid.com/pl/update.php,cprapid.com,1,2026-07-30 14:29:16,PhishTank,recent_submission,1,2019-05-16 21:16:20+00:00,2030-05-16 21:16:20+00:00,US,0,0,3,0,0,,,"[Errno 8] nodename nor servname provided, or not known",
https://allegrolokalnie.pl-oferta71028169.shop,pl-oferta71028169.shop,1,2026-07-06 17:48:42,PhishTank,recent_submission,0,,,,0,0,0,0,0,,,"[Errno 8] nodename nor servname provided, or not known",
https://headfire.pt/rack/,headfire.pt,1,2026-07-17 09:48:39,PhishTank,recent_submission,0,,,,2,1,2,1,1,2026-08-02 21:25:51+00:00,1.0,,
https://ku12329.com/,ku12329.com,1,2026-07-11 02:39:32,PhishTank,recent_submission,1,2025-09-15 00:05:11+00:00,2026-09-15 00:05:11+00:00,JP,1,0,0,1,1,2026-07-10 10:44:11+00:00,25.0,,
https://restauramariana.com.br/co/PPP2.HTML,restauramariana.com.br,1,2026-08-02 19:46:35,PhishTank,recent_submission,1,2025-08-01 00:00:00+00:00,2026-08-01 00:00:00+00:00,,2,1,2,1,1,2026-07-15 04:16:30+00:00,20.0,,
https://www.macle-numerique.com/,macle-numerique.com,1,2026-07-06 04:31:29,PhishTank,recent_submission,1,2026-07-05 21:06:16+00:00,2027-07-05 21:06:16+00:00,,0,0,0,0,0,,,"[Errno 8] nodename nor servname provided, or not known",
https://bienestareconomicopichincha2026.zya.me/,zya.me,1,2026-07-27 00:42:39,PhishTank,recent_submission,1,2021-09-01 17:30:39+00:00,2026-09-01 17:30:39+00:00,,1,0,7,1,1,2026-06-10 04:39:05+00:00,55.0,,
http://allegrolokalnie.lokalna-043289.shop,lokalna-043289.shop,1,2026-07-23 23:56:41,PhishTank,recent_submission,0,,,,0,0,0,0,0,,,"[Errno 8] nodename nor servname provided, or not known",
http://surl.li/yzfcqy,surl.li,1,2026-07-23 12:55:10,PhishTank,recent_submission,0,,,,2,1,2,1,1,2026-07-06 05:14:11+00:00,29.0,,
https://www.wanpptv.com/17144659-9824-d0ac-1d3a-cb64d2570024/❆₪≌✈↕◐☀↮=jiridcj,wanpptv.com,1,2026-07-26 14:41:23,PhishTank,recent_submission,1,2022-07-26 18:29:35+00:00,2027-07-26 18:29:35+00:00,US,1,0,0,1,0,,,[SSL: TLSV1_ALERT_INTERNAL_ERROR] tlsv1 alert internal error (_ssl.c:1082),
https://umbrellaparking-new.eu.cc/es,eu.cc,1,2026-07-31 18:06:45,PhishTank,recent_submission,1,1997-10-13 04:00:00+00:00,2031-03-26 04:00:00+00:00,KY,1,0,0,1,0,,,[SSL: WRONG_VERSION_NUMBER] wrong version number (_ssl.c:1082),
https://efectivopuntosbac.help/pa,efectivopuntosbac.help,1,2026-07-29 18:47:10,PhishTank,recent_submission,1,2026-07-28 02:36:52+00:00,2027-07-28 23:59:59+00:00,US,1,0,2,1,0,,,[SSL: TLSV1_ALERT_INTERNAL_ERROR] tlsv1 alert internal error (_ssl.c:1082),
https://suite-app-trozrre-eng.typedream.app/,typedream.app,1,2026-07-26 04:00:55,PhishTank,recent_submission,0,,,,1,0,2,1,1,2026-07-01 05:24:31+00:00,34.0,,
https://allegrolokalnie.lokalne-ofety5153.click/oferta/konsola-sony-playstation-5-pro-2tb-digital-edition-nowa-cfi-7021/358316729,lokalne-ofety5153.click,1,2026-07-11 06:16:26,PhishTank,recent_submission,1,2026-07-10 19:27:12.740000+00:00,2027-07-10 19:27:12.740000+00:00,US,0,0,0,0,0,,,"[Errno 8] nodename nor servname provided, or not known",
http://allegrolokalnie.pl-oferta23921814.com,pl-oferta23921814.com,1,2026-07-23 21:54:40,PhishTank,recent_submission,1,2026-07-23 17:24:29+00:00,2027-07-23 17:24:29+00:00,US,0,0,0,0,0,,,"[Errno 8] nodename nor servname provided, or not known",
https://odd-midnight-906700.framer.app/,framer.app,1,2026-07-14 15:28:32,PhishTank,recent_submission,0,,,,4,0,4,1,1,2025-11-25 00:00:00+00:00,252.0,,
http://5391009619.dojiner.at,dojiner.at,1,2026-07-31 18:08:50,PhishTank,recent_submission,0,,,,2,0,2,1,1,2026-06-14 03:11:45+00:00,51.0,,
https://bradesco.chaveoficial.com,chaveoficial.com,1,2026-07-09 15:00:31,PhishTank,recent_submission,1,2026-06-25 14:39:56+00:00,2027-06-25 14:39:56+00:00,,0,0,0,0,0,,,"[Errno 8] nodename nor servname provided, or not known",
https://allegro-lokalnie.123210.shop/,123210.shop,1,2026-07-15 20:57:22,PhishTank,recent_submission,0,,,,0,0,0,0,0,,,"[Errno 8] nodename nor servname provided, or not known",
http://allegrolokalnie.pl-ogloszenie5924892137.click,pl-ogloszenie5924892137.click,1,2026-08-01 08:53:24,PhishTank,recent_submission,1,2026-03-31 20:36:26.713000+00:00,2027-03-31 20:36:26.713000+00:00,US,0,0,2,0,0,,,"[Errno 8] nodename nor servname provided, or not known",
https://asdxkwqkexjqwx123x1.cfd/,asdxkwqkexjqwx123x1.cfd,1,2026-07-08 00:27:39,PhishTank,recent_submission,1,2026-06-26 22:42:14+00:00,2027-06-26 23:59:59+00:00,,0,0,0,0,0,,,"[Errno 8] nodename nor servname provided, or not known",
http://allegrolokalnie.oferta278429.click,oferta278429.click,1,2026-07-23 21:52:40,PhishTank,recent_submission,0,,,,0,0,0,0,0,,,"[Errno 8] nodename nor servname provided, or not known",[Errno 61] Connection refused
https://autenticarusuario.com/,autenticarusuario.com,1,2026-07-24 21:17:52,PhishTank,recent_submission,1,2026-07-22 14:30:25+00:00,2027-07-22 14:30:25+00:00,,2,0,2,1,1,2026-07-22 13:35:30+00:00,13.0,,
https://bradesco.gestaoempresanet.site/,gestaoempresanet.site,1,2026-07-24 21:14:27,PhishTank,recent_submission,1,2026-07-22 14:21:45.094000+00:00,2027-07-22 14:21:45.094000+00:00,,0,0,0,0,0,,,"[Errno 8] nodename nor servname provided, or not known",
https://sura-seguros.top/sura/soat/seguro-obligatorio/,sura-seguros.top,1,2026-07-16 20:44:17,PhishTank,recent_submission,1,2026-07-14 04:43:27+00:00,2027-07-14 04:43:27+00:00,CO,0,0,0,0,0,,,"[Errno 8] nodename nor servname provided, or not known",
https://fusamton.com/?utm_source=alexis-newsletter-26049a.beehiiv.com&amp;utm_medium=newsletter&amp;utm_campaign=bienvenue-chez-nous,fusamton.com,1,2026-07-19 21:54:20,PhishTank,recent_submission,1,2025-08-13 09:43:24+00:00,2026-08-13 09:43:24+00:00,FR,1,1,2,1,1,2026-07-19 19:36:33+00:00,15.0,,
https://aktivasiii-pemulihan-bima-mobile.edgeone.dev/login.html,edgeone.dev,1,2026-07-07 10:07:15,PhishTank,recent_submission,0,,,,0,0,2,0,0,,,"[Errno 8] nodename nor servname provided, or not known",
http://allegro-lokalnie.pl-89384051.click,pl-89384051.click,1,2026-07-12 01:54:40,PhishTank,recent_submission,1,2026-07-11 21:40:23.860000+00:00,2027-07-11 21:40:23.860000+00:00,US,0,0,0,0,0,,,"[Errno 8] nodename nor servname provided, or not known",
https://msocdn.com,msocdn.com,0,2026-08-04 00:00:00,Tranco,legitimate,1,2013-06-17 20:29:33+00:00,2027-06-17 20:29:33+00:00,US,0,0,4,0,0,,,"[Errno 8] nodename nor servname provided, or not known",
https://50.in-addr.arpa,50.in-addr.arpa,0,2026-08-04 00:00:00,Tranco,legitimate,0,,,,0,0,6,0,0,,,"[Errno 8] nodename nor servname provided, or not known",
https://lesbian8.com,lesbian8.com,0,2026-08-04 00:00:00,Tranco,legitimate,1,2016-03-29 08:34:53+00:00,2027-03-29 08:34:53+00:00,Statutory Masking for data privacy,2,0,2,1,1,2026-06-24 06:01:59+00:00,41.0,,
https://top.gg,top.gg,0,2026-08-04 00:00:00,Tranco,legitimate,1,2018-09-18 05:00:17.605000+00:00,,,2,1,2,1,1,2026-07-28 16:28:13+00:00,6.0,,
https://blue.net,blue.net,0,2026-08-04 00:00:00,Tranco,legitimate,1,1995-08-25 04:00:00+00:00,2028-08-24 04:00:00+00:00,US,1,1,3,1,1,2026-07-01 14:57:23+00:00,34.0,,
https://fromsoftware-game.net,fromsoftware-game.net,0,2026-08-04 00:00:00,Tranco,legitimate,1,2014-11-19 08:51:13+00:00,2026-11-19 08:51:13+00:00,JP,3,0,4,1,1,2025-11-30 00:00:00+00:00,247.0,,
https://la-la-land.top,la-la-land.top,0,2026-08-04 00:00:00,Tranco,legitimate,1,2025-06-04 10:28:08+00:00,2027-06-04 10:28:08+00:00,US,0,1,2,0,0,,,"[Errno 8] nodename nor servname provided, or not known",
https://krebsonsecurity.com,krebsonsecurity.com,0,2026-08-04 00:00:00,Tranco,legitimate,1,2009-11-23 15:16:26+00:00,2026-11-23 15:16:26+00:00,CA,1,0,4,1,1,2026-06-21 02:45:27+00:00,44.0,,
https://uncw.edu,uncw.edu,0,2026-08-04 00:00:00,Tranco,legitimate,0,,,,1,1,2,1,1,2025-08-25 00:00:00+00:00,344.0,,[Errno 61] Connection refused
https://icims.tools,icims.tools,0,2026-08-04 00:00:00,Tranco,legitimate,0,,,,3,0,4,1,1,2026-07-30 23:17:21+00:00,4.0,,Whois command returned no output
https://apkcombo.com,apkcombo.com,0,2026-08-04 00:00:00,Tranco,legitimate,1,2018-11-04 10:43:31+00:00,2026-11-04 10:43:31+00:00,VN,1,0,0,1,0,,,[SSL] unknown error (0xa0003e8) (_ssl.c:1082),
https://jeep.com,jeep.com,0,2026-08-04 00:00:00,Tranco,legitimate,1,1995-08-21 04:00:00+00:00,2026-08-20 04:00:00+00:00,,2,1,6,1,1,2026-07-09 14:11:47+00:00,26.0,,
https://lfyanwei.com,lfyanwei.com,0,2026-08-04 00:00:00,Tranco,legitimate,1,2019-01-18 02:54:26+00:00,2027-01-18 02:54:26+00:00,US,0,0,9,0,0,,,"[Errno 8] nodename nor servname provided, or not known",
https://weatherbug.com,weatherbug.com,0,2026-08-04 00:00:00,Tranco,legitimate,1,1999-09-20 16:32:56+00:00,2026-09-20 16:32:56+00:00,US,4,1,4,1,1,2026-06-27 00:00:00+00:00,38.0,,
https://essilor.com,essilor.com,0,2026-08-04 00:00:00,Tranco,legitimate,1,1996-01-16 05:00:00+00:00,2027-01-17 05:00:00+00:00,FR,1,1,2,1,1,2026-02-06 00:00:00+00:00,179.0,,
https://iddaa.com,iddaa.com,0,2026-08-04 00:00:00,Tranco,legitimate,1,2004-01-06 18:46:28+00:00,2030-01-06 18:46:28+00:00,US,1,1,4,1,1,2025-11-24 11:17:12+00:00,253.0,,
https://hollobook.com,hollobook.com,0,2026-08-04 00:00:00,Tranco,legitimate,1,2018-10-27 07:51:28+00:00,2030-10-27 07:51:28+00:00,CN,0,0,2,0,0,,,"[Errno 8] nodename nor servname provided, or not known",
https://personio.com,personio.com,0,2026-08-04 00:00:00,Tranco,legitimate,1,2002-10-24 15:33:13+00:00,2026-10-24 15:33:13+00:00,DE,1,1,4,1,1,2026-07-27 18:33:55+00:00,7.0,,
https://coursehero.com,coursehero.com,0,2026-08-04 00:00:00,Tranco,legitimate,1,2008-01-11 22:19:44+00:00,2027-01-11 22:19:44+00:00,US,2,1,2,1,1,2026-07-10 20:53:26+00:00,24.0,,
https://fas.org,fas.org,0,2026-08-04 00:00:00,Tranco,legitimate,1,1995-03-23 05:00:00+00:00,2028-03-24 05:00:00+00:00,,1,1,2,1,1,2026-07-30 07:38:32+00:00,5.0,,
https://minhngoc.net,minhngoc.net,0,2026-08-04 00:00:00,Tranco,legitimate,1,2007-05-26 00:32:56+00:00,2028-05-26 00:32:56+00:00,US,2,1,2,1,1,2026-07-31 22:44:25+00:00,3.0,,
https://testerup.com,testerup.com,0,2026-08-04 00:00:00,Tranco,legitimate,1,2022-07-20 10:24:09+00:00,2027-07-20 10:24:09+00:00,US,3,1,4,1,1,2025-11-25 00:00:00+00:00,252.0,,
https://saga.co.uk,saga.co.uk,0,2026-08-04 00:00:00,Tranco,legitimate,1,1996-08-01 00:00:00+00:00,2027-05-08 00:00:00+00:00,,1,1,4,1,1,2026-02-25 00:00:00+00:00,160.0,,
https://tpvisim.com,tpvisim.com,0,2026-08-04 00:00:00,Tranco,legitimate,1,2024-10-17 08:59:39+00:00,2026-10-17 08:59:39+00:00,SG,0,0,2,0,0,,,"[Errno 8] nodename nor servname provided, or not known",
https://dsbackend.com,dsbackend.com,0,2026-08-04 00:00:00,Tranco,legitimate,1,2016-07-08 14:02:52+00:00,2035-07-08 14:02:52+00:00,US,0,1,4,0,0,,,"[Errno 8] nodename nor servname provided, or not known",
https://bcebos.com,bcebos.com,0,2026-08-04 00:00:00,Tranco,legitimate,1,2014-08-28 10:47:20+00:00,2027-08-28 10:47:20+00:00,CN,0,1,2,0,0,,,"[Errno 8] nodename nor servname provided, or not known",
https://justclick.ru,justclick.ru,0,2026-08-04 00:00:00,Tranco,legitimate,1,2010-05-07 13:52:52+00:00,2027-05-07 14:52:52+00:00,,1,1,2,1,1,2026-07-23 08:05:25+00:00,12.0,,
https://broadinstitute.org,broadinstitute.org,0,2026-08-04 00:00:00,Tranco,legitimate,1,2002-05-17 20:40:26+00:00,2027-05-17 20:40:26+00:00,US,1,1,4,1,1,2026-06-17 20:41:44+00:00,47.0,,
https://elevate.cafe,elevate.cafe,0,2026-08-04 00:00:00,Tranco,legitimate,0,,,,1,0,4,1,1,2026-08-01 14:05:14+00:00,3.0,,Whois command returned no output
https://stcloudstate.edu,stcloudstate.edu,0,2026-08-04 00:00:00,Tranco,legitimate,1,1997-05-29 00:00:00+00:00,2027-07-31 00:00:00+00:00,,1,1,4,1,1,2026-03-11 00:00:00+00:00,146.0,,
https://presonus.com,presonus.com,0,2026-08-04 00:00:00,Tranco,legitimate,1,1995-08-30 04:00:00+00:00,2030-08-29 04:00:00+00:00,US,1,1,4,1,1,2026-06-18 16:07:33+00:00,46.0,,
https://msmartlife.net,msmartlife.net,0,2026-08-04 00:00:00,Tranco,legitimate,1,2020-05-01 13:44:56+00:00,2027-05-01 13:44:56+00:00,US,0,0,4,0,0,,,"[Errno 8] nodename nor servname provided, or not known",
https://aerosafe.work,aerosafe.work,0,2026-08-04 00:00:00,Tranco,legitimate,1,2026-04-27 19:23:53+00:00,2027-04-27 19:23:53+00:00,KG,0,0,2,0,0,,,"[Errno 8] nodename nor servname provided, or not known",
https://camara.leg.br,camara.leg.br,0,2026-08-04 00:00:00,Tranco,legitimate,1,2012-03-09 00:00:00+00:00,,,3,1,3,1,1,2026-08-01 00:26:15+00:00,3.0,,
https://tiktokcdn-us.com,tiktokcdn-us.com,0,2026-08-04 00:00:00,Tranco,legitimate,1,2021-08-18 09:34:38+00:00,2027-08-18 09:34:38+00:00,KY,0,0,6,0,0,,,"[Errno 8] nodename nor servname provided, or not known",
https://50webs.com,50webs.com,0,2026-08-04 00:00:00,Tranco,legitimate,1,2004-10-18 13:43:54+00:00,2027-10-18 13:43:54+00:00,US,1,1,2,1,1,2026-01-01 00:00:00+00:00,215.0,,
https://varzesh3.com,varzesh3.com,0,2026-08-04 00:00:00,Tranco,legitimate,1,2011-01-31 14:09:43+00:00,2031-01-31 14:09:43+00:00,CA,2,1,4,1,1,2026-07-08 05:47:22+00:00,27.0,,
https://dyn.com,dyn.com,0,2026-08-04 00:00:00,Tranco,legitimate,1,1994-08-05 04:00:00+00:00,2027-08-04 04:00:00+00:00,US,2,1,4,1,1,2026-02-03 00:00:00+00:00,182.0,,
https://trae.ai,trae.ai,0,2026-08-04 00:00:00,Tranco,legitimate,1,2024-12-16 03:55:46+00:00,2026-12-16 03:55:49+00:00,,2,0,6,1,1,2026-05-06 00:00:00+00:00,90.0,,
https://ottawacitizen.com,ottawacitizen.com,0,2026-08-04 00:00:00,Tranco,legitimate,1,1995-12-22 05:00:00+00:00,2026-12-21 05:00:00+00:00,CA,1,1,4,1,1,2026-07-18 17:12:03+00:00,16.0,,
https://crash.net,crash.net,0,2026-08-04 00:00:00,Tranco,legitimate,1,1998-06-16 04:00:00+00:00,2031-06-15 04:00:00+00:00,US,1,1,2,1,1,2026-06-27 12:13:14+00:00,38.0,,
https://mahidol.ac.th,mahidol.ac.th,0,2026-08-04 00:00:00,Tranco,legitimate,0,,,,2,1,6,1,1,2025-12-26 00:00:00+00:00,221.0,,
https://my-free.website,my-free.website,0,2026-08-04 00:00:00,Tranco,legitimate,1,2014-10-30 11:42:11+00:00,2026-10-30 23:59:59+00:00,US,0,0,2,0,0,,,"[Errno 8] nodename nor servname provided, or not known",
https://browserautomation.io,browserautomation.io,0,2026-08-04 00:00:00,Tranco,legitimate,1,2024-04-15 14:52:10+00:00,2029-04-15 14:52:10+00:00,,0,0,0,0,0,,,"[Errno 8] nodename nor servname provided, or not known",
https://theaustralian.com.au,theaustralian.com.au,0,2026-08-04 00:00:00,Tranco,legitimate,0,,,,1,1,6,1,1,2026-03-31 00:00:00+00:00,126.0,,
https://allwyn.cz,allwyn.cz,0,2026-08-04 00:00:00,Tranco,legitimate,1,2021-02-16 18:46:14+00:00,2027-02-16 00:00:00+00:00,,1,1,6,1,0,,,timed out,
https://redsara.es,redsara.es,0,2026-08-04 00:00:00,Tranco,legitimate,0,,,,0,1,2,0,0,,,"[Errno 8] nodename nor servname provided, or not known",
https://radaronline.com,radaronline.com,0,2026-08-04 00:00:00,Tranco,legitimate,1,2001-06-12 10:32:42+00:00,2028-06-12 10:32:42+00:00,US,4,1,4,1,1,2026-06-15 08:34:02+00:00,50.0,,
https://tvsquared.com,tvsquared.com,0,2026-08-04 00:00:00,Tranco,legitimate,1,2011-12-09 15:39:03+00:00,2026-12-09 15:39:03+00:00,US,1,1,4,1,0,,,[SSL: SSLV3_ALERT_HANDSHAKE_FAILURE] ssl/tls alert handshake failure (_ssl.c:1082),
https://systembolaget.se,systembolaget.se,0,2026-08-04 00:00:00,Tranco,legitimate,1,1994-10-03 00:00:00+00:00,2026-12-31 00:00:00+00:00,,1,1,4,1,1,2026-07-07 23:50:08+00:00,27.0,,
https://123tt.ru,123tt.ru,0,2026-08-04 00:00:00,Tranco,legitimate,1,2023-10-28 13:09:01+00:00,2026-10-28 13:09:01+00:00,,0,0,2,0,0,,,"[Errno 8] nodename nor servname provided, or not known",
https://ipbase.com,ipbase.com,0,2026-08-04 00:00:00,Tranco,legitimate,1,2003-09-14 18:20:47+00:00,2026-09-14 18:20:47+00:00,IS,2,1,2,1,1,2026-07-17 12:36:59+00:00,18.0,,
https://bfmtv.com,bfmtv.com,0,2026-08-04 00:00:00,Tranco,legitimate,1,2004-11-15 16:42:10+00:00,2026-11-15 16:42:10+00:00,FR,3,1,4,1,1,2025-12-22 00:00:00+00:00,225.0,,
https://identitynow.com,identitynow.com,0,2026-08-04 00:00:00,Tranco,legitimate,1,1999-11-19 22:47:47+00:00,2026-11-19 22:47:47+00:00,US,8,1,4,1,0,,,[Errno 54] Connection reset by peer,
https://capcutw.us,capcutw.us,0,2026-08-04 00:00:00,Tranco,legitimate,1,2025-05-19 06:23:04+00:00,2027-05-19 06:23:04+00:00,,0,0,6,0,0,,,"[Errno 8] nodename nor servname provided, or not known",
https://boe.es,boe.es,0,2026-08-04 00:00:00,Tranco,legitimate,0,,,,1,1,2,1,1,2026-01-21 08:21:58+00:00,195.0,,
https://comsenz.com,comsenz.com,0,2026-08-04 00:00:00,Tranco,legitimate,1,2004-03-05 01:10:04+00:00,2028-03-05 01:10:04+00:00,CN,1,0,4,1,0,,,[Errno 65] No route to host,
https://exeporn.net,exeporn.net,0,2026-08-04 00:00:00,Tranco,legitimate,1,2024-10-01 15:07:11+00:00,2026-10-01 15:07:11+00:00,IS,2,1,2,1,1,2026-07-12 19:55:18+00:00,22.0,,
https://warbyparker.com,warbyparker.com,0,2026-08-04 00:00:00,Tranco,legitimate,1,2009-07-10 23:06:01+00:00,2031-07-10 23:06:01+00:00,US,4,1,4,1,1,2025-11-06 00:00:00+00:00,271.0,,
https://freitag.de,freitag.de,0,2026-08-04 00:00:00,Tranco,legitimate,0,,,,1,1,2,1,1,2026-07-12 11:23:28+00:00,23.0,,
https://playnewgames.ru,playnewgames.ru,0,2026-08-04 00:00:00,Tranco,legitimate,1,2026-07-07 12:19:48+00:00,2027-07-07 12:19:48+00:00,,0,0,2,0,0,,,"[Errno 8] nodename nor servname provided, or not known",
https://sarkaricsc.com,sarkaricsc.com,0,2026-08-04 00:00:00,Tranco,legitimate,1,2024-08-24 20:05:05+00:00,2029-08-24 20:05:05+00:00,,2,0,2,1,1,2026-06-07 05:41:53+00:00,58.0,,
https://wgkonnect.com,wgkonnect.com,0,2026-08-04 00:00:00,Tranco,legitimate,1,2025-09-11 07:53:41+00:00,2026-09-11 07:53:41+00:00,US,0,0,2,0,0,,,"[Errno 8] nodename nor servname provided, or not known",
https://emeraldgrouppublishing.com,emeraldgrouppublishing.com,0,2026-08-04 00:00:00,Tranco,legitimate,1,2012-10-02 11:15:55+00:00,2026-10-02 11:15:55+00:00,,3,1,2,1,1,2026-07-07 23:02:22+00:00,27.0,,
https://storymax.co,storymax.co,0,2026-08-04 00:00:00,Tranco,legitimate,1,2025-12-13 17:01:27+00:00,2027-12-13 23:59:59+00:00,US,2,0,4,1,1,2025-12-29 00:00:00+00:00,218.0,,
https://aurasvc.io,aurasvc.io,0,2026-08-04 00:00:00,Tranco,legitimate,1,2019-08-15 18:44:36+00:00,2027-08-15 18:44:36+00:00,,0,0,4,0,0,,,"[Errno 8] nodename nor servname provided, or not known",
https://sentimente.com,sentimente.com,0,2026-08-04 00:00:00,Tranco,legitimate,1,2002-03-02 01:49:42+00:00,2027-03-02 01:49:42+00:00,US,2,1,2,1,1,2026-08-04 07:09:54+00:00,0.0,,
https://epa.gov,epa.gov,0,2026-08-04 00:00:00,Tranco,legitimate,1,1997-10-02 01:29:23+00:00,2027-08-04 10:28:49+00:00,REDACTED FOR PRIVACY,1,1,4,1,1,2026-04-16 00:00:00+00:00,110.0,,
https://accessoticketing.com,accessoticketing.com,0,2026-08-04 00:00:00,Tranco,legitimate,1,2019-01-10 18:19:02+00:00,2029-01-10 18:19:02+00:00,US,0,1,4,0,0,,,"[Errno 8] nodename nor servname provided, or not known",
https://antiwar.com,antiwar.com,0,2026-08-04 00:00:00,Tranco,legitimate,1,1995-12-09 05:00:00+00:00,2029-12-12 11:59:59+00:00,US,1,1,3,1,1,2025-08-14 15:12:49+00:00,355.0,,
https://santanderopenacademy.com,santanderopenacademy.com,0,2026-08-04 00:00:00,Tranco,legitimate,1,2023-02-13 12:58:06+00:00,2027-02-13 12:58:06+00:00,ES,2,1,4,1,1,2026-06-10 12:26:42+00:00,55.0,,
https://adikteev.com,adikteev.com,0,2026-08-04 00:00:00,Tranco,legitimate,1,2013-01-04 09:24:13+00:00,2027-01-04 09:24:13+00:00,FR,2,1,4,1,1,2026-06-16 16:52:38+00:00,48.0,,
https://themanual.com,themanual.com,0,2026-08-04 00:00:00,Tranco,legitimate,1,1996-04-16 04:00:00+00:00,2027-04-17 04:00:00+00:00,US,4,1,4,1,1,2025-11-29 00:00:00+00:00,248.0,,
https://bitrixphone.com,bitrixphone.com,0,2026-08-04 00:00:00,Tranco,legitimate,1,2015-02-18 13:13:00+00:00,2027-02-18 13:13:00+00:00,US,0,0,4,0,0,,,"[Errno 8] nodename nor servname provided, or not known",
https://tradepub.com,tradepub.com,0,2026-08-04 00:00:00,Tranco,legitimate,1,1996-01-15 05:00:00+00:00,2027-01-14 05:00:00+00:00,US,2,1,3,1,1,2026-06-28 23:27:56+00:00,36.0,,
https://slideserve.com,slideserve.com,0,2026-08-04 00:00:00,Tranco,legitimate,1,2008-04-09 08:26:25+00:00,2028-04-09 08:26:25+00:00,US,4,1,6,1,1,2026-05-23 00:00:00+00:00,73.0,,
https://dotesports.com,dotesports.com,0,2026-08-04 00:00:00,Tranco,legitimate,1,2015-01-13 17:30:16+00:00,2027-01-13 17:30:16+00:00,US,2,1,2,1,1,2026-07-28 22:57:33+00:00,6.0,,
https://1cv8update.com,1cv8update.com,0,2026-08-04 00:00:00,Tranco,legitimate,1,2015-07-27 11:03:47+00:00,2027-07-27 11:03:47+00:00,RU,1,0,5,1,1,2026-07-31 13:42:49+00:00,4.0,,
https://isgaccess.com,isgaccess.com,0,2026-08-04 00:00:00,Tranco,legitimate,1,2017-03-12 22:34:31+00:00,2027-03-12 22:34:31+00:00,ES,1,1,3,1,1,2026-07-16 10:56:01+00:00,19.0,,
https://yourstory.com,yourstory.com,0,2026-08-04 00:00:00,Tranco,legitimate,1,2001-04-17 10:32:01+00:00,2032-04-17 10:32:01+00:00,,3,1,2,1,1,2026-07-16 09:11:32+00:00,19.0,,
https://hoteltonight.com,hoteltonight.com,0,2026-08-04 00:00:00,Tranco,legitimate,1,2004-04-01 19:40:28+00:00,2028-04-01 18:40:28+00:00,US,4,1,4,1,1,2026-02-04 00:00:00+00:00,181.0,,
https://hihonorcdn.com,hihonorcdn.com,0,2026-08-04 00:00:00,Tranco,legitimate,1,2020-11-09 03:25:27+00:00,2027-11-09 03:25:27+00:00,CN,0,0,2,0,0,,,"[Errno 8] nodename nor servname provided, or not known",
https://sharethis.net,sharethis.net,0,2026-08-04 00:00:00,Tranco,legitimate,1,2005-04-28 00:38:14+00:00,2027-04-28 00:38:14+00:00,US,0,0,4,0,0,,,"[Errno 8] nodename nor servname provided, or not known",
https://marianne.net,marianne.net,0,2026-08-04 00:00:00,Tranco,legitimate,1,1998-10-08 04:00:00+00:00,2026-10-07 04:00:00+00:00,FR,4,1,4,1,1,2025-10-08 00:00:00+00:00,300.0,,
https://congress.gov,congress.gov,0,2026-08-04 00:00:00,Tranco,legitimate,1,1997-10-02 01:29:22+00:00,2027-07-07 17:47:38+00:00,REDACTED FOR PRIVACY,2,1,2,1,1,2026-07-18 22:12:23+00:00,16.0,,
https://proximus.be,proximus.be,0,2026-08-04 00:00:00,Tranco,legitimate,1,1996-07-05 00:00:00+00:00,,,1,1,4,1,1,2025-09-12 13:16:55+00:00,326.0,,
https://domrf.ru,domrf.ru,0,2026-08-04 00:00:00,Tranco,legitimate,1,2007-12-28 21:00:00+00:00,2026-12-28 21:00:00+00:00,,1,1,7,1,1,2026-07-22 22:57:54+00:00,12.0,,
https://friendster.com,friendster.com,0,2026-08-04 00:00:00,Tranco,legitimate,1,2002-03-22 16:18:23+00:00,2030-03-22 15:18:23+00:00,,4,1,4,1,1,2026-07-31 00:00:00+00:00,4.0,,
https://umingle.com,umingle.com,0,2026-08-04 00:00:00,Tranco,legitimate,1,2003-04-04 17:18:17+00:00,2036-04-04 16:18:17+00:00,US,2,1,2,1,1,2026-07-18 17:58:45+00:00,16.0,,
https://ttks.tw,ttks.tw,0,2026-08-04 00:00:00,Tranco,legitimate,1,2025-12-16 09:16:29+00:00,2027-12-16 09:16:29+00:00,,3,1,2,1,1,2026-06-11 04:25:32+00:00,54.0,,
https://gravite.net,gravite.net,0,2026-08-04 00:00:00,Tranco,legitimate,1,2023-01-13 16:43:50+00:00,2027-01-13 16:43:50+00:00,DE,1,1,4,1,1,2026-06-17 22:54:08+00:00,47.0,,
https://raileurope.com,raileurope.com,0,2026-08-04 00:00:00,Tranco,legitimate,1,1995-08-01 04:00:00+00:00,2034-07-11 22:08:24+00:00,US,2,1,4,1,1,2025-11-24 00:00:00+00:00,253.0,,
https://awsdns-cn-06.cn,awsdns-cn-06.cn,0,2026-08-04 00:00:00,Tranco,legitimate,1,2018-02-15 03:02:57+00:00,2027-02-15 03:02:57+00:00,,0,0,6,0,0,,,"[Errno 8] nodename nor servname provided, or not known",
https://beezlepongmad.com,beezlepongmad.com,0,2026-08-04 00:00:00,Tranco,legitimate,1,2024-11-18 15:20:55+00:00,2026-11-18 15:20:55+00:00,US,0,0,2,0,0,,,timed out,
https://juegosfanaticos.com,juegosfanaticos.com,0,2026-08-04 00:00:00,Tranco,legitimate,1,2019-10-31 17:15:23+00:00,2026-10-31 17:15:23+00:00,IS,2,0,2,1,1,2026-07-13 19:25:47+00:00,21.0,,
https://awsdns-33.net,awsdns-33.net,0,2026-08-04 00:00:00,Tranco,legitimate,1,2010-10-21 21:02:28+00:00,2027-10-21 21:02:28+00:00,US,0,0,4,0,0,,,"[Errno 8] nodename nor servname provided, or not known",
https://awsdns-cn-41.net,awsdns-cn-41.net,0,2026-08-04 00:00:00,Tranco,legitimate,1,2018-02-14 20:11:50+00:00,2027-02-14 20:11:50+00:00,CN,0,0,6,0,0,,,"[Errno 8] nodename nor servname provided, or not known",
https://zdoiodhtqahjizqq.net,zdoiodhtqahjizqq.net,0,2026-08-04 00:00:00,Tranco,legitimate,1,2023-09-20 21:08:26+00:00,2026-09-20 21:08:26+00:00,US,0,0,4,0,0,,,"[Errno 8] nodename nor servname provided, or not known",
https://bloomingdales.com,bloomingdales.com,0,2026-08-04 00:00:00,Tranco,legitimate,1,1995-12-28 05:00:00+00:00,2026-12-27 05:00:00+00:00,US,1,1,6,1,1,2026-03-20 00:00:00+00:00,137.0,,
https://dsm.com,dsm.com,0,2026-08-04 00:00:00,Tranco,legitimate,1,1997-07-03 04:00:00+00:00,2027-07-02 04:00:00+00:00,NL,2,1,3,1,1,2026-06-20 16:16:58+00:00,44.0,,
https://promodj.com,promodj.com,0,2026-08-04 00:00:00,Tranco,legitimate,1,2004-12-02 19:02:13+00:00,2026-12-02 19:02:13+00:00,RU,1,1,2,1,1,2026-07-31 07:08:21+00:00,4.0,,
https://americanscientist.org,americanscientist.org,0,2026-08-04 00:00:00,Tranco,legitimate,1,1999-06-18 19:36:52+00:00,2028-06-18 19:37:31+00:00,US,1,1,2,1,1,2026-07-11 18:08:41+00:00,23.0,,
https://nebusfinance.ru,nebusfinance.ru,0,2026-08-04 00:00:00,Tranco,legitimate,1,2022-08-22 07:38:23+00:00,2026-08-22 07:38:23+00:00,,1,1,2,1,1,2025-10-31 07:30:51+00:00,277.0,,
https://mapfan.com,mapfan.com,0,2026-08-04 00:00:00,Tranco,legitimate,1,1997-05-29 04:00:00+00:00,2028-05-28 04:00:00+00:00,JP,4,1,4,1,1,2026-01-18 00:00:00+00:00,198.0,,
https://inteligo.pl,inteligo.pl,0,2026-08-04 00:00:00,Tranco,legitimate,1,2000-07-17 13:00:00+00:00,2027-07-16 14:00:00+00:00,,1,1,4,1,1,2025-11-04 14:56:15+00:00,273.0,,
https://xdgtw.com,xdgtw.com,0,2026-08-04 00:00:00,Tranco,legitimate,1,2023-05-29 18:34:12+00:00,2028-05-29 18:34:12+00:00,IS,0,0,2,0,0,,,"[Errno 8] nodename nor servname provided, or not known",
https://thisiscolossal.com,thisiscolossal.com,0,2026-08-04 00:00:00,Tranco,legitimate,1,2010-08-17 14:50:20+00:00,2027-08-17 14:50:20+00:00,US,3,1,2,1,1,2026-08-04 14:18:35+00:00,0.0,,
https://cbs12.com,cbs12.com,0,2026-08-04 00:00:00,Tranco,legitimate,1,2003-08-21 23:20:13+00:00,2027-08-21 23:20:13+00:00,US,4,1,4,1,1,2025-12-24 00:00:00+00:00,223.0,,
https://kai.id,kai.id,0,2026-08-04 00:00:00,Tranco,legitimate,0,,,,1,1,3,1,1,2025-09-20 00:00:00+00:00,318.0,,
https://screenrant.com,screenrant.com,0,2026-08-04 00:00:00,Tranco,legitimate,1,2003-12-09 01:17:06+00:00,2026-12-09 01:17:06+00:00,US,1,1,6,1,1,2026-07-11 23:03:51+00:00,23.0,,
https://snapengage.com,snapengage.com,0,2026-08-04 00:00:00,Tranco,legitimate,1,2007-08-07 19:33:50+00:00,2026-08-07 19:33:50+00:00,US,2,1,2,1,1,2026-07-03 15:40:43+00:00,31.0,,
https://univ-toulouse.fr,univ-toulouse.fr,0,2026-08-04 00:00:00,Tranco,legitimate,1,2007-09-20 07:25:38+00:00,2026-09-20 07:25:38+00:00,,1,1,2,1,0,,,timed out,
https://nono.io,nono.io,0,2026-08-04 00:00:00,Tranco,legitimate,1,2016-07-03 16:19:00+00:00,2030-07-03 16:19:00+00:00,,1,1,2,1,1,2026-06-20 09:47:54+00:00,45.0,,
https://funnyaihost.app,funnyaihost.app,0,2026-08-04 00:00:00,Tranco,legitimate,0,,,,0,0,2,0,0,,,"[Errno 8] nodename nor servname provided, or not known",
https://weareteachers.com,weareteachers.com,0,2026-08-04 00:00:00,Tranco,legitimate,1,2006-03-09 21:22:52+00:00,2027-03-09 20:22:52+00:00,US,2,1,7,1,1,2026-06-24 09:54:00+00:00,41.0,,
https://playtech.com,playtech.com,0,2026-08-04 00:00:00,Tranco,legitimate,1,2000-03-13 05:05:51+00:00,2027-01-01 04:59:59+00:00,,4,1,6,1,1,2025-10-05 00:00:00+00:00,303.0,,
https://manhwa-latino.com,manhwa-latino.com,0,2026-08-04 00:00:00,Tranco,legitimate,1,2020-06-07 22:40:32+00:00,2027-06-07 22:40:32+00:00,IS,3,0,2,1,1,2026-06-07 17:08:47+00:00,57.0,,
https://reamaze.com,reamaze.com,0,2026-08-04 00:00:00,Tranco,legitimate,1,2011-12-18 09:32:50+00:00,2027-12-12 11:59:59+00:00,US,2,1,2,1,1,2025-07-17 20:54:16+00:00,382.0,,
https://toyota.co.jp,toyota.co.jp,0,2026-08-04 00:00:00,Tranco,legitimate,0,,,,0,1,4,0,0,,,"[Errno 8] nodename nor servname provided, or not known",
https://nekki.com,nekki.com,0,2026-08-04 00:00:00,Tranco,legitimate,1,2003-10-05 18:37:24+00:00,2027-10-05 18:37:24+00:00,US,1,1,6,1,1,2026-07-18 07:42:37+00:00,17.0,,
https://digital.nhs.uk,digital.nhs.uk,0,2026-08-04 00:00:00,Tranco,legitimate,0,,,,2,1,4,1,1,2026-06-26 21:58:45+00:00,38.0,,
https://acesso.gov.pt,acesso.gov.pt,0,2026-08-04 00:00:00,Tranco,legitimate,0,,,,1,0,2,1,1,2025-10-29 00:00:00+00:00,279.0,,
https://aihelp.net,aihelp.net,0,2026-08-04 00:00:00,Tranco,legitimate,1,2015-12-23 01:32:52+00:00,2026-12-23 01:32:52+00:00,US,3,1,2,1,1,2025-11-01 07:27:56+00:00,276.0,,
https://dmu.ac.uk,dmu.ac.uk,0,2026-08-04 00:00:00,Tranco,legitimate,1,1996-08-01 00:00:00+00:00,,,1,1,3,1,1,2025-10-29 00:00:00+00:00,279.0,,
https://luxcdn.com,luxcdn.com,0,2026-08-04 00:00:00,Tranco,legitimate,1,2012-10-17 16:47:30+00:00,2026-10-17 16:47:30+00:00,US,2,1,4,1,1,2026-08-03 07:31:01+00:00,1.0,,
https://onblix.com,onblix.com,0,2026-08-04 00:00:00,Tranco,legitimate,1,2019-07-19 15:54:08+00:00,2027-07-19 15:54:08+00:00,US,0,1,4,0,0,,,"[Errno 8] nodename nor servname provided, or not known",
https://freshconnect.io,freshconnect.io,0,2026-08-04 00:00:00,Tranco,legitimate,1,2018-01-02 13:43:28+00:00,2027-01-02 13:43:28+00:00,,0,1,4,0,0,,,"[Errno 8] nodename nor servname provided, or not known",
https://bookwalker.jp,bookwalker.jp,0,2026-08-04 00:00:00,Tranco,legitimate,1,2010-10-25 00:00:00+00:00,2026-10-31 00:00:00+00:00,,2,1,4,1,1,2025-07-15 00:00:00+00:00,385.0,,
https://stripchat.dad,stripchat.dad,0,2026-08-04 00:00:00,Tranco,legitimate,0,,,,2,0,2,1,1,2026-06-10 17:02:52+00:00,54.0,,Whois command returned no output
https://scooter-attack.com,scooter-attack.com,0,2026-08-04 00:00:00,Tranco,legitimate,1,1997-11-07 05:00:00+00:00,2026-11-06 05:00:00+00:00,DE,3,1,2,1,1,2026-06-27 20:16:52+00:00,37.0,,
https://atmosphere.tv,atmosphere.tv,0,2026-08-04 00:00:00,Tranco,legitimate,1,2010-03-23 22:09:01+00:00,2032-03-23 22:09:01+00:00,US,1,1,4,1,1,2026-06-23 06:17:54+00:00,42.0,,
https://lilithgame.com,lilithgame.com,0,2026-08-04 00:00:00,Tranco,legitimate,1,2014-09-23 06:13:48+00:00,2027-09-23 06:13:48+00:00,CN,1,1,2,1,1,2025-01-08 00:00:00+00:00,573.0,,
https://n2p.io,n2p.io,0,2026-08-04 00:00:00,Tranco,legitimate,1,2017-03-30 01:41:28+00:00,2027-03-30 01:41:28+00:00,,0,0,4,0,0,,,"[Errno 8] nodename nor servname provided, or not known",
https://golfdigest.co.jp,golfdigest.co.jp,0,2026-08-04 00:00:00,Tranco,legitimate,1,2000-10-24 00:00:00+00:00,,,2,1,4,1,1,2025-09-17 00:00:00+00:00,321.0,,
https://opentv.com,opentv.com,0,2026-08-04 00:00:00,Tranco,legitimate,1,1995-10-30 05:00:00+00:00,2026-10-29 04:00:00+00:00,CH,2,1,2,1,1,2026-08-03 09:44:31+00:00,1.0,,
https://leanpub.com,leanpub.com,0,2026-08-04 00:00:00,Tranco,legitimate,1,2009-08-25 07:26:32+00:00,2027-08-25 07:26:32+00:00,,4,1,4,1,1,2025-12-20 00:00:00+00:00,227.0,,
https://thestatesman.com,thestatesman.com,0,2026-08-04 00:00:00,Tranco,legitimate,1,2001-02-14 23:35:13+00:00,2035-02-14 23:35:13+00:00,IN,3,1,2,1,1,2026-07-09 14:06:58+00:00,26.0,,
https://camsoda.com,camsoda.com,0,2026-08-04 00:00:00,Tranco,legitimate,1,2015-04-28 21:14:00+00:00,2035-04-28 21:14:00+00:00,US,1,1,2,1,1,2026-07-29 00:46:20+00:00,6.0,,
https://d-net.pro,d-net.pro,0,2026-08-04 00:00:00,Tranco,legitimate,0,,,,2,1,4,1,1,2020-12-17 07:13:47+00:00,2056.0,,Whois command returned no output
https://rhombussystems.com,rhombussystems.com,0,2026-08-04 00:00:00,Tranco,legitimate,1,2016-10-04 19:18:13+00:00,2026-10-04 19:18:13+00:00,US,1,1,4,1,1,2026-07-28 19:54:13+00:00,6.0,,
https://justspam.org,justspam.org,0,2026-08-04 00:00:00,Tranco,legitimate,1,2011-10-25 22:05:16+00:00,2026-10-25 22:05:16+00:00,AE,1,1,4,1,0,,,[Errno 61] Connection refused,
https://spinjeet365.com,spinjeet365.com,0,2026-08-04 00:00:00,Tranco,legitimate,1,2026-05-25 08:09:26+00:00,2032-05-25 08:09:26+00:00,,2,0,2,1,1,2026-07-23 06:40:06+00:00,12.0,,
https://wwmt.com,wwmt.com,0,2026-08-04 00:00:00,Tranco,legitimate,1,1995-10-26 04:00:00+00:00,2026-10-25 04:00:00+00:00,US,4,1,4,1,1,2025-12-24 00:00:00+00:00,223.0,,
https://blackwells.co.uk,blackwells.co.uk,0,2026-08-04 00:00:00,Tranco,legitimate,1,1996-12-11 00:00:00+00:00,2026-12-11 00:00:00+00:00,,2,1,2,1,1,2026-06-14 12:04:18+00:00,51.0,,
https://parp.gov.pl,parp.gov.pl,0,2026-08-04 00:00:00,Tranco,legitimate,1,2013-07-01 02:00:00+00:00,2027-01-31 01:00:00+00:00,,1,1,6,1,1,2026-07-27 17:51:13+00:00,7.0,,
https://kunlunea.com,kunlunea.com,0,2026-08-04 00:00:00,Tranco,legitimate,1,2014-07-25 04:12:59+00:00,2028-07-25 04:12:59+00:00,CN,1,0,3,1,0,,,timed out,
https://vevo.com,vevo.com,0,2026-08-04 00:00:00,Tranco,legitimate,1,2002-04-09 18:10:08+00:00,2027-04-09 18:10:08+00:00,US,4,1,4,1,1,2025-10-07 15:07:27+00:00,301.0,,
https://delgarm.com,delgarm.com,0,2026-08-04 00:00:00,Tranco,legitimate,1,2006-08-28 16:34:45+00:00,2033-08-28 16:34:45+00:00,,1,1,2,1,1,2026-06-11 16:15:30+00:00,53.0,,
https://omsystem.com,omsystem.com,0,2026-08-04 00:00:00,Tranco,legitimate,1,2005-01-27 19:08:16+00:00,2027-01-27 19:08:16+00:00,,4,1,4,1,1,2025-12-04 00:00:00+00:00,243.0,,
https://brandmetrics.com,brandmetrics.com,0,2026-08-04 00:00:00,Tranco,legitimate,1,2001-08-17 15:12:00+00:00,2027-08-17 15:12:00+00:00,SE,3,1,2,1,1,2026-07-21 10:05:39+00:00,14.0,,
https://atol.ru,atol.ru,0,2026-08-04 00:00:00,Tranco,legitimate,1,2001-08-23 20:00:00+00:00,2026-08-23 21:00:00+00:00,,1,1,7,1,1,2026-05-17 13:42:17+00:00,79.0,,
https://digbearings.com,digbearings.com,0,2026-08-04 00:00:00,Tranco,legitimate,1,2022-02-02 11:17:04+00:00,2027-02-02 11:17:04+00:00,IS,0,0,4,0,0,,,"[Errno 8] nodename nor servname provided, or not known",
https://webkul.com,webkul.com,0,2026-08-04 00:00:00,Tranco,legitimate,1,2009-08-15 10:33:02+00:00,2027-08-15 10:33:02+00:00,US,2,1,2,1,1,2026-06-19 06:16:28+00:00,46.0,,
https://cheaptickets.com,cheaptickets.com,0,2026-08-04 00:00:00,Tranco,legitimate,1,1998-06-17 04:00:00+00:00,2027-06-16 04:00:00+00:00,,2,1,10,1,1,2026-06-10 22:53:24+00:00,54.0,,
https://drugs.com,drugs.com,0,2026-08-04 00:00:00,Tranco,legitimate,1,1998-12-18 05:00:00+00:00,2026-12-18 05:00:00+00:00,US,1,1,6,1,1,2026-06-28 00:00:00+00:00,37.0,,
https://everestgrp.com,everestgrp.com,0,2026-08-04 00:00:00,Tranco,legitimate,1,1998-07-17 04:00:00+00:00,2035-07-16 04:00:00+00:00,US,2,1,2,1,1,2026-07-10 23:16:54+00:00,24.0,,
https://dangdang.com,dangdang.com,0,2026-08-04 00:00:00,Tranco,legitimate,1,1999-08-09 04:52:49+00:00,2027-08-09 04:52:39+00:00,CN,2,1,4,1,1,2026-05-26 00:00:00+00:00,70.0,,
https://vm5apis.com,vm5apis.com,0,2026-08-04 00:00:00,Tranco,legitimate,1,2014-07-31 09:52:00+00:00,2027-07-31 09:52:00+00:00,US,0,1,2,0,0,,,"[Errno 8] nodename nor servname provided, or not known",
https://dnchosting.com,dnchosting.com,0,2026-08-04 00:00:00,Tranco,legitimate,1,2011-02-01 16:06:39+00:00,2027-02-01 16:06:39+00:00,US,1,1,4,1,1,2025-10-22 00:00:00+00:00,286.0,,
https://simplyhired.com,simplyhired.com,0,2026-08-04 00:00:00,Tranco,legitimate,1,2004-03-26 01:34:56+00:00,2027-03-26 00:34:56+00:00,US,2,1,2,1,1,2026-07-03 19:28:41+00:00,31.0,,
https://turnitin.com,turnitin.com,0,2026-08-04 00:00:00,Tranco,legitimate,1,1999-06-25 05:37:02+00:00,2028-06-25 05:37:02+00:00,,4,1,4,1,1,2026-05-25 00:00:00+00:00,71.0,,
https://tui.com,tui.com,0,2026-08-04 00:00:00,Tranco,legitimate,1,1996-12-05 05:00:00+00:00,2032-12-04 05:00:00+00:00,DE,1,1,8,1,1,2026-02-11 00:00:00+00:00,174.0,,
https://techjury.net,techjury.net,0,2026-08-04 00:00:00,Tranco,legitimate,1,2019-01-14 17:07:01+00:00,2027-01-14 17:07:01+00:00,IS,3,1,2,1,1,2026-07-03 11:10:45+00:00,32.0,,
https://quantcast.com,quantcast.com,0,2026-08-04 00:00:00,Tranco,legitimate,1,2005-06-18 18:02:52+00:00,2028-06-18 18:02:52+00:00,US,1,1,4,1,1,2026-07-27 06:28:42+00:00,8.0,,
https://aktuality.sk,aktuality.sk,0,2026-08-04 00:00:00,Tranco,legitimate,1,2004-03-01 00:00:00+00:00,2027-04-22 00:00:00+00:00,,1,1,4,1,1,2025-12-22 00:00:00+00:00,225.0,,
https://vggcdn.net,vggcdn.net,0,2026-08-04 00:00:00,Tranco,legitimate,1,2019-04-11 18:43:37+00:00,2027-04-11 18:43:37+00:00,CH,0,1,4,0,0,,,"[Errno 8] nodename nor servname provided, or not known",
https://yandex.fr,yandex.fr,0,2026-08-04 00:00:00,Tranco,legitimate,1,2014-11-25 17:23:54+00:00,2026-10-10 14:11:23+00:00,,1,1,2,1,1,2026-07-01 14:54:10+00:00,34.0,,
https://awsdns-cn-29.biz,awsdns-cn-29.biz,0,2026-08-04 00:00:00,Tranco,legitimate,1,2018-02-14 19:18:31+00:00,,,0,0,6,0,0,,,"[Errno 8] nodename nor servname provided, or not known",
https://hourlytechsignals.com,hourlytechsignals.com,0,2026-08-04 00:00:00,Tranco,legitimate,1,2026-05-19 11:29:05+00:00,2027-05-19 11:29:05+00:00,PA,0,0,2,0,0,,,"[Errno 8] nodename nor servname provided, or not known",
https://dickinson.edu,dickinson.edu,0,2026-08-04 00:00:00,Tranco,legitimate,1,1991-04-22 00:00:00+00:00,2027-07-31 00:00:00+00:00,,1,1,4,1,1,2026-08-03 00:00:00+00:00,1.0,,
https://taxpolicycenter.org,taxpolicycenter.org,0,2026-08-04 00:00:00,Tranco,legitimate,1,2002-01-09 19:43:27+00:00,2028-01-09 19:43:27+00:00,,2,1,2,1,1,2026-07-10 04:19:59+00:00,25.0,,
https://tcl.com,tcl.com,0,2026-08-04 00:00:00,Tranco,legitimate,1,1998-12-04 05:00:00+00:00,2027-12-03 05:00:00+00:00,CN,1,1,2,1,1,2026-02-09 00:00:00+00:00,176.0,,
https://grepler.com,grepler.com,0,2026-08-04 00:00:00,Tranco,legitimate,1,2010-04-12 04:51:29+00:00,2027-04-12 04:51:29+00:00,US,2,1,2,1,1,2026-07-20 08:31:57+00:00,15.0,,
https://marketo.com,marketo.com,0,2026-08-04 00:00:00,Tranco,legitimate,1,2002-07-23 19:16:22+00:00,2027-07-23 19:16:22+00:00,US,1,1,2,1,1,2026-07-04 11:18:56+00:00,31.0,,
https://marineinsight.com,marineinsight.com,0,2026-08-04 00:00:00,Tranco,legitimate,1,2010-04-06 16:08:31+00:00,2030-04-06 16:08:31+00:00,IN,3,1,2,1,1,2026-06-12 23:16:57+00:00,52.0,,
https://ktown4u.com,ktown4u.com,0,2026-08-04 00:00:00,Tranco,legitimate,1,2014-03-04 05:39:11+00:00,2028-12-31 11:59:59+00:00,,4,1,4,1,1,2026-06-08 00:00:00+00:00,57.0,,
https://mysterium.network,mysterium.network,0,2026-08-04 00:00:00,Tranco,legitimate,0,,,,1,1,2,1,1,2026-07-14 23:55:19+00:00,20.0,,Whois command returned no output
https://payfit.tech,payfit.tech,0,2026-08-04 00:00:00,Tranco,legitimate,1,2015-10-10 12:09:09+00:00,2026-10-10 23:59:59+00:00,FR,0,1,4,0,0,,,"[Errno 8] nodename nor servname provided, or not known",
https://burberry.com,burberry.com,0,2026-08-04 00:00:00,Tranco,legitimate,1,1997-01-17 05:00:00+00:00,2027-01-18 05:00:00+00:00,,2,1,6,1,1,2026-07-13 00:00:00+00:00,22.0,,
https://partner.co.il,partner.co.il,0,2026-08-04 00:00:00,Tranco,legitimate,0,,2027-03-16 00:00:00+00:00,,1,1,6,1,1,2025-11-26 00:00:00+00:00,251.0,,
https://blog-gold.com,blog-gold.com,0,2026-08-04 00:00:00,Tranco,legitimate,1,2018-02-09 15:50:07+00:00,2028-02-09 15:50:07+00:00,IS,2,1,2,1,1,2026-07-10 00:18:45+00:00,25.0,,
https://nodegrimbird.top,nodegrimbird.top,0,2026-08-04 00:00:00,Tranco,legitimate,1,2024-05-29 14:14:05+00:00,2027-05-29 14:14:05+00:00,US,2,0,2,1,1,2026-06-22 10:43:26+00:00,43.0,,
https://myfairplay.com,myfairplay.com,0,2026-08-04 00:00:00,Tranco,legitimate,1,2019-07-07 18:19:22+00:00,2027-07-07 18:19:22+00:00,IS,1,0,0,1,0,,,[SSL] unknown error (0xa0003e8) (_ssl.c:1082),
https://apteka-april.ru,apteka-april.ru,0,2026-08-04 00:00:00,Tranco,legitimate,1,2011-12-12 13:58:45+00:00,2026-12-12 14:58:45+00:00,,1,1,4,1,1,2026-02-16 06:36:42+00:00,169.0,,
https://hibid.com,hibid.com,0,2026-08-04 00:00:00,Tranco,legitimate,1,2009-01-11 19:05:42+00:00,2034-01-11 19:05:42+00:00,US,2,1,2,1,1,2026-07-30 23:15:43+00:00,4.0,,
https://statsigcdn.com,statsigcdn.com,0,2026-08-04 00:00:00,Tranco,legitimate,1,2022-03-12 21:29:41+00:00,2032-03-12 21:29:41+00:00,US,2,0,2,1,1,2026-06-16 19:42:18+00:00,48.0,,
https://torrid.com,torrid.com,0,2026-08-04 00:00:00,Tranco,legitimate,1,2000-06-06 11:18:40+00:00,2032-06-06 11:18:40+00:00,US,2,1,8,1,1,2025-07-29 00:00:00+00:00,371.0,,
https://bouncex.net,bouncex.net,0,2026-08-04 00:00:00,Tranco,legitimate,1,2017-05-05 16:10:40+00:00,2027-05-05 16:10:40+00:00,CA,1,1,4,1,1,2026-02-16 00:00:00+00:00,169.0,,
https://rtcplus.com,rtcplus.com,0,2026-08-04 00:00:00,Tranco,legitimate,1,2021-11-30 07:09:43+00:00,2026-11-30 07:09:43+00:00,SG,0,0,6,0,0,,,"[Errno 8] nodename nor servname provided, or not known",
https://itdemon.ru,itdemon.ru,0,2026-08-04 00:00:00,Tranco,legitimate,1,2016-08-08 16:52:21+00:00,2027-08-08 16:52:21+00:00,,1,0,2,1,0,,,timed out,
https://banklocationmaps.com,banklocationmaps.com,0,2026-08-04 00:00:00,Tranco,legitimate,1,2008-09-23 11:28:11+00:00,2026-09-23 11:28:11+00:00,US,3,0,2,1,1,2026-07-25 07:33:54+00:00,10.0,,
https://mywebsite-editor.com,mywebsite-editor.com,0,2026-08-04 00:00:00,Tranco,legitimate,1,2015-03-27 23:12:58+00:00,2027-03-27 23:12:58+00:00,US,0,1,4,0,0,,,"[Errno 8] nodename nor servname provided, or not known",
https://dynamicdrive.com,dynamicdrive.com,0,2026-08-04 00:00:00,Tranco,legitimate,1,1998-08-19 04:00:00+00:00,2027-08-18 04:00:00+00:00,IS,3,1,2,1,1,2026-06-04 14:23:11+00:00,61.0,,
https://kinghost.com.br,kinghost.com.br,0,2026-08-04 00:00:00,Tranco,legitimate,1,2003-04-22 00:00:00+00:00,2034-04-22 00:00:00+00:00,,2,1,6,1,1,2025-10-23 00:00:00+00:00,285.0,,
https://pjud.cl,pjud.cl,0,2026-08-04 00:00:00,Tranco,legitimate,1,2000-06-15 20:38:13+00:00,2030-07-12 16:38:01+00:00,,1,1,2,1,1,2026-03-13 00:00:00+00:00,144.0,,
https://telenor.net,telenor.net,0,2026-08-04 00:00:00,Tranco,legitimate,1,1997-03-27 05:00:00+00:00,2027-03-28 04:00:00+00:00,NO,0,1,3,0,0,,,"[Errno 8] nodename nor servname provided, or not known",
https://moe.edu.sg,moe.edu.sg,0,2026-08-04 00:00:00,Tranco,legitimate,1,1996-12-26 16:00:00+00:00,2026-12-26 16:00:00+00:00,,0,1,4,0,0,,,"[Errno 8] nodename nor servname provided, or not known",
https://logoip.de,logoip.de,0,2026-08-04 00:00:00,Tranco,legitimate,0,,,,1,1,2,1,0,,,[SSL: UNEXPECTED_EOF_WHILE_READING] EOF occurred in violation of protocol (_ssl.c:1082),
https://ambitionbox.com,ambitionbox.com,0,2026-08-04 00:00:00,Tranco,legitimate,1,2013-04-15 20:54:02+00:00,2030-04-15 20:54:02+00:00,IN,2,1,6,1,1,2026-04-01 00:00:00+00:00,125.0,,
https://ning.com,ning.com,0,2026-08-04 00:00:00,Tranco,legitimate,1,2003-12-16 19:21:12+00:00,2026-12-16 19:21:12+00:00,US,1,1,6,1,1,2026-01-22 00:00:00+00:00,194.0,,
